trial,matches_evaluated,exact_accuracy,toto_accuracy,scorito_points,points_per_match
1,115,0.043478260869565216,0.3565217391304348,5025,43.69565217391305
2,115,0.06956521739130435,0.41739130434782606,5895,51.26086956521739
3,115,0.0782608695652174,0.45217391304347826,6390,55.56521739130435
4,115,0.034782608695652174,0.3565217391304348,5205,45.26086956521739
5,115,0.06956521739130435,0.4434782608695652,6480,56.34782608695652
6,115,0.06956521739130435,0.391304347826087,5670,49.30434782608695
7,115,0.08695652173913043,0.33043478260869563,4905,42.65217391304348
8,115,0.02608695652173913,0.30434782608695654,4350,37.82608695652174
9,115,0.0782608695652174,0.4,5595,48.65217391304348
10,115,0.043478260869565216,0.3826086956521739,5385,46.82608695652174
11,115,0.08695652173913043,0.4,5985,52.04347826086956
12,115,0.05217391304347826,0.3565217391304348,5190,45.130434782608695
13,115,0.06956521739130435,0.3826086956521739,5610,48.78260869565217
14,115,0.05217391304347826,0.391304347826087,5655,49.17391304347826
15,115,0.11304347826086956,0.3739130434782609,5595,48.65217391304348
16,115,0.08695652173913043,0.3826086956521739,5940,51.65217391304348
17,115,0.09565217391304348,0.34782608695652173,5580,48.52173913043478
18,115,0.08695652173913043,0.2956521739130435,4410,38.34782608695652
19,115,0.09565217391304348,0.45217391304347826,6360,55.30434782608695
20,115,0.043478260869565216,0.2956521739130435,3870,33.65217391304348
21,115,0.06956521739130435,0.3217391304347826,4485,39.0
22,115,0.05217391304347826,0.26956521739130435,3960,34.43478260869565
23,115,0.11304347826086956,0.3739130434782609,5715,49.69565217391305
24,115,0.06086956521739131,0.3391304347826087,4950,43.04347826086956
25,115,0.06956521739130435,0.3391304347826087,5025,43.69565217391305
26,115,0.034782608695652174,0.28695652173913044,4185,36.391304347826086
27,115,0.06956521739130435,0.4,5880,51.130434782608695
28,115,0.06086956521739131,0.4,5910,51.391304347826086
29,115,0.0782608695652174,0.4434782608695652,6270,54.52173913043478
30,115,0.0782608695652174,0.3565217391304348,5100,44.34782608695652
31,115,0.034782608695652174,0.28695652173913044,3870,33.65217391304348
32,115,0.09565217391304348,0.3217391304347826,5145,44.73913043478261
33,115,0.05217391304347826,0.3739130434782609,5310,46.17391304347826
34,115,0.09565217391304348,0.3826086956521739,5955,51.78260869565217
35,115,0.09565217391304348,0.3391304347826087,5280,45.91304347826087
36,115,0.12173913043478261,0.4,5850,50.869565217391305
37,115,0.06086956521739131,0.3130434782608696,4335,37.69565217391305
38,115,0.06956521739130435,0.3826086956521739,5415,47.08695652173913
39,115,0.06086956521739131,0.3826086956521739,5565,48.391304347826086
40,115,0.06956521739130435,0.2956521739130435,4185,36.391304347826086
41,115,0.09565217391304348,0.34782608695652173,5040,43.82608695652174
42,115,0.06956521739130435,0.3217391304347826,4650,40.43478260869565
43,115,0.017391304347826087,0.3391304347826087,4680,40.69565217391305
44,115,0.06956521739130435,0.3739130434782609,5625,48.91304347826087
45,115,0.06086956521739131,0.33043478260869563,4605,40.04347826086956
46,115,0.06956521739130435,0.3652173913043478,5190,45.130434782608695
47,115,0.08695652173913043,0.3826086956521739,5595,48.65217391304348
48,115,0.06086956521739131,0.33043478260869563,4875,42.391304347826086
49,115,0.09565217391304348,0.3565217391304348,5490,47.73913043478261
50,115,0.09565217391304348,0.3826086956521739,5535,48.130434782608695
51,115,0.08695652173913043,0.33043478260869563,5250,45.65217391304348
52,115,0.08695652173913043,0.33043478260869563,5205,45.26086956521739
53,115,0.06956521739130435,0.3391304347826087,4920,42.78260869565217
54,115,0.06086956521739131,0.391304347826087,5310,46.17391304347826
55,115,0.08695652173913043,0.40869565217391307,5670,49.30434782608695
56,115,0.0782608695652174,0.3739130434782609,5520,48.0
57,115,0.06086956521739131,0.2608695652173913,4065,35.34782608695652
58,115,0.11304347826086956,0.3217391304347826,5505,47.869565217391305
59,115,0.06086956521739131,0.4,5820,50.608695652173914
60,115,0.06086956521739131,0.3130434782608696,4500,39.130434782608695
61,115,0.0782608695652174,0.41739130434782606,6015,52.30434782608695
62,115,0.05217391304347826,0.3391304347826087,5085,44.21739130434783
63,115,0.11304347826086956,0.4,5925,51.52173913043478
64,115,0.06956521739130435,0.26956521739130435,3960,34.43478260869565
65,115,0.14782608695652175,0.3826086956521739,6225,54.130434782608695
66,115,0.0782608695652174,0.41739130434782606,5955,51.78260869565217
67,115,0.0782608695652174,0.34782608695652173,5010,43.56521739130435
68,115,0.034782608695652174,0.3217391304347826,4470,38.869565217391305
69,115,0.09565217391304348,0.3826086956521739,5775,50.21739130434783
70,115,0.11304347826086956,0.3826086956521739,6030,52.43478260869565
71,115,0.034782608695652174,0.28695652173913044,4380,38.08695652173913
72,115,0.11304347826086956,0.34782608695652173,5385,46.82608695652174
73,115,0.09565217391304348,0.3826086956521739,5430,47.21739130434783
74,115,0.06086956521739131,0.34782608695652173,4905,42.65217391304348
75,115,0.12173913043478261,0.45217391304347826,6900,60.0
76,115,0.09565217391304348,0.28695652173913044,4395,38.21739130434783
77,115,0.08695652173913043,0.3826086956521739,5595,48.65217391304348
78,115,0.06956521739130435,0.3739130434782609,5190,45.130434782608695
79,115,0.0782608695652174,0.3652173913043478,5445,47.34782608695652
80,115,0.08695652173913043,0.34782608695652173,5325,46.30434782608695
81,115,0.1391304347826087,0.40869565217391307,6660,57.91304347826087
82,115,0.05217391304347826,0.30434782608695654,4680,40.69565217391305
83,115,0.043478260869565216,0.3652173913043478,4965,43.17391304347826
84,115,0.06086956521739131,0.391304347826087,5685,49.43478260869565
85,115,0.034782608695652174,0.3739130434782609,5220,45.391304347826086
86,115,0.06956521739130435,0.3130434782608696,4605,40.04347826086956
87,115,0.13043478260869565,0.40869565217391307,6315,54.91304347826087
88,115,0.0782608695652174,0.3565217391304348,5265,45.78260869565217
89,115,0.06086956521739131,0.3652173913043478,5385,46.82608695652174
90,115,0.06086956521739131,0.3130434782608696,4635,40.30434782608695
91,115,0.034782608695652174,0.34782608695652173,4620,40.17391304347826
92,115,0.12173913043478261,0.40869565217391307,6390,55.56521739130435
93,115,0.0782608695652174,0.4434782608695652,6195,53.869565217391305
94,115,0.034782608695652174,0.2956521739130435,4155,36.130434782608695
95,115,0.11304347826086956,0.28695652173913044,4650,40.43478260869565
96,115,0.13043478260869565,0.3652173913043478,5910,51.391304347826086
97,115,0.16521739130434782,0.43478260869565216,6825,59.34782608695652
98,115,0.034782608695652174,0.3391304347826087,4875,42.391304347826086
99,115,0.09565217391304348,0.43478260869565216,6285,54.65217391304348
100,115,0.05217391304347826,0.3391304347826087,4800,41.73913043478261
101,115,0.06086956521739131,0.3739130434782609,5640,49.04347826086956
102,115,0.08695652173913043,0.4,5835,50.73913043478261
103,115,0.0782608695652174,0.4,5565,48.391304347826086
104,115,0.0782608695652174,0.3652173913043478,5130,44.608695652173914
105,115,0.043478260869565216,0.391304347826087,5235,45.52173913043478
106,115,0.0782608695652174,0.3565217391304348,5100,44.34782608695652
107,115,0.17391304347826086,0.4260869565217391,6660,57.91304347826087
108,115,0.09565217391304348,0.43478260869565216,6390,55.56521739130435
109,115,0.06086956521739131,0.33043478260869563,4980,43.30434782608695
110,115,0.14782608695652175,0.3739130434782609,6015,52.30434782608695
111,115,0.06956521739130435,0.43478260869565216,6120,53.21739130434783
112,115,0.05217391304347826,0.3217391304347826,4815,41.869565217391305
113,115,0.05217391304347826,0.33043478260869563,4710,40.95652173913044
114,115,0.09565217391304348,0.3391304347826087,5160,44.869565217391305
115,115,0.043478260869565216,0.4,5595,48.65217391304348
116,115,0.06086956521739131,0.30434782608695654,4410,38.34782608695652
117,115,0.0782608695652174,0.391304347826087,5550,48.26086956521739
118,115,0.06956521739130435,0.3652173913043478,5535,48.130434782608695
119,115,0.0782608695652174,0.3652173913043478,5460,47.47826086956522
120,115,0.06956521739130435,0.3217391304347826,4575,39.78260869565217
121,115,0.06086956521739131,0.3565217391304348,5100,44.34782608695652
122,115,0.06956521739130435,0.41739130434782606,6090,52.95652173913044
123,115,0.05217391304347826,0.3565217391304348,5145,44.73913043478261
124,115,0.09565217391304348,0.391304347826087,5835,50.73913043478261
125,115,0.0782608695652174,0.41739130434782606,6060,52.69565217391305
126,115,0.0782608695652174,0.40869565217391307,6105,53.08695652173913
127,115,0.0782608695652174,0.3130434782608696,5100,44.34782608695652
128,115,0.0782608695652174,0.45217391304347826,6705,58.30434782608695
129,115,0.09565217391304348,0.3565217391304348,5295,46.04347826086956
130,115,0.11304347826086956,0.3391304347826087,5115,44.47826086956522
131,115,0.06086956521739131,0.391304347826087,5625,48.91304347826087
132,115,0.0782608695652174,0.4608695652173913,6630,57.65217391304348
133,115,0.06086956521739131,0.2956521739130435,4605,40.04347826086956
134,115,0.05217391304347826,0.3217391304347826,4650,40.43478260869565
135,115,0.10434782608695652,0.43478260869565216,6570,57.130434782608695
136,115,0.10434782608695652,0.3826086956521739,5580,48.52173913043478
137,115,0.06956521739130435,0.3217391304347826,4620,40.17391304347826
138,115,0.06086956521739131,0.41739130434782606,5805,50.47826086956522
139,115,0.06086956521739131,0.4260869565217391,5970,51.91304347826087
140,115,0.06956521739130435,0.30434782608695654,4470,38.869565217391305
141,115,0.043478260869565216,0.28695652173913044,4065,35.34782608695652
142,115,0.0782608695652174,0.4260869565217391,6420,55.82608695652174
143,115,0.09565217391304348,0.34782608695652173,5250,45.65217391304348
144,115,0.08695652173913043,0.3652173913043478,5280,45.91304347826087
145,115,0.09565217391304348,0.3826086956521739,5805,50.47826086956522
146,115,0.08695652173913043,0.3565217391304348,5235,45.52173913043478
147,115,0.0782608695652174,0.2956521739130435,4215,36.65217391304348
148,115,0.10434782608695652,0.3217391304347826,4890,42.52173913043478
149,115,0.043478260869565216,0.3130434782608696,4365,37.95652173913044
150,115,0.05217391304347826,0.41739130434782606,6045,52.56521739130435
151,115,0.10434782608695652,0.3391304347826087,5010,43.56521739130435
152,115,0.09565217391304348,0.391304347826087,5715,49.69565217391305
153,115,0.0782608695652174,0.3391304347826087,4935,42.91304347826087
154,115,0.02608695652173913,0.2956521739130435,3870,33.65217391304348
155,115,0.12173913043478261,0.391304347826087,6225,54.130434782608695
156,115,0.06086956521739131,0.3739130434782609,5145,44.73913043478261
157,115,0.08695652173913043,0.43478260869565216,6270,54.52173913043478
158,115,0.08695652173913043,0.391304347826087,5865,51.0
159,115,0.043478260869565216,0.34782608695652173,4950,43.04347826086956
160,115,0.043478260869565216,0.3130434782608696,4470,38.869565217391305
161,115,0.034782608695652174,0.20869565217391303,2955,25.695652173913043
162,115,0.06956521739130435,0.40869565217391307,5745,49.95652173913044
163,115,0.09565217391304348,0.3565217391304348,5115,44.47826086956522
164,115,0.06956521739130435,0.3217391304347826,4545,39.52173913043478
165,115,0.09565217391304348,0.3739130434782609,5670,49.30434782608695
166,115,0.0782608695652174,0.3652173913043478,5325,46.30434782608695
167,115,0.034782608695652174,0.3391304347826087,4710,40.95652173913044
168,115,0.0782608695652174,0.3739130434782609,5640,49.04347826086956
169,115,0.09565217391304348,0.391304347826087,5535,48.130434782608695
170,115,0.034782608695652174,0.2956521739130435,4020,34.95652173913044
171,115,0.0782608695652174,0.3130434782608696,4845,42.130434782608695
172,115,0.08695652173913043,0.34782608695652173,4995,43.43478260869565
173,115,0.13043478260869565,0.4,6045,52.56521739130435
174,115,0.06086956521739131,0.3565217391304348,5205,45.26086956521739
175,115,0.0782608695652174,0.391304347826087,5970,51.91304347826087
176,115,0.06956521739130435,0.391304347826087,5685,49.43478260869565
177,115,0.034782608695652174,0.24347826086956523,3660,31.82608695652174
178,115,0.08695652173913043,0.3739130434782609,5670,49.30434782608695
179,115,0.09565217391304348,0.3826086956521739,5715,49.69565217391305
180,115,0.08695652173913043,0.3826086956521739,5460,47.47826086956522
181,115,0.11304347826086956,0.34782608695652173,5670,49.30434782608695
182,115,0.034782608695652174,0.30434782608695654,4410,38.34782608695652
183,115,0.05217391304347826,0.391304347826087,5490,47.73913043478261
184,115,0.10434782608695652,0.3826086956521739,6030,52.43478260869565
185,115,0.10434782608695652,0.34782608695652173,5445,47.34782608695652
186,115,0.043478260869565216,0.3217391304347826,4305,37.43478260869565
187,115,0.0782608695652174,0.3826086956521739,5460,47.47826086956522
188,115,0.13043478260869565,0.3739130434782609,5805,50.47826086956522
189,115,0.12173913043478261,0.45217391304347826,6690,58.17391304347826
190,115,0.02608695652173913,0.28695652173913044,3945,34.30434782608695
191,115,0.08695652173913043,0.3652173913043478,5460,47.47826086956522
192,115,0.0782608695652174,0.2956521739130435,4440,38.608695652173914
193,115,0.0782608695652174,0.40869565217391307,6030,52.43478260869565
194,115,0.08695652173913043,0.3391304347826087,5010,43.56521739130435
195,115,0.06086956521739131,0.3391304347826087,4980,43.30434782608695
196,115,0.09565217391304348,0.3826086956521739,5625,48.91304347826087
197,115,0.05217391304347826,0.3130434782608696,4530,39.391304347826086
198,115,0.05217391304347826,0.3391304347826087,4830,42.0
199,115,0.034782608695652174,0.3391304347826087,4605,40.04347826086956
200,115,0.08695652173913043,0.391304347826087,5745,49.95652173913044
201,115,0.08695652173913043,0.33043478260869563,4785,41.608695652173914
202,115,0.08695652173913043,0.3565217391304348,5445,47.34782608695652
203,115,0.06086956521739131,0.34782608695652173,4935,42.91304347826087
204,115,0.06956521739130435,0.33043478260869563,4860,42.26086956521739
205,115,0.06086956521739131,0.3391304347826087,4890,42.52173913043478
206,115,0.08695652173913043,0.33043478260869563,4860,42.26086956521739
207,115,0.06956521739130435,0.3130434782608696,4635,40.30434782608695
208,115,0.06086956521739131,0.3739130434782609,5145,44.73913043478261
209,115,0.06086956521739131,0.2782608695652174,4035,35.08695652173913
210,115,0.08695652173913043,0.28695652173913044,4485,39.0
211,115,0.02608695652173913,0.3391304347826087,4755,41.34782608695652
212,115,0.043478260869565216,0.34782608695652173,5010,43.56521739130435
213,115,0.034782608695652174,0.3217391304347826,4545,39.52173913043478
214,115,0.06956521739130435,0.34782608695652173,4605,40.04347826086956
215,115,0.0782608695652174,0.30434782608695654,4545,39.52173913043478
216,115,0.034782608695652174,0.28695652173913044,4035,35.08695652173913
217,115,0.06086956521739131,0.4260869565217391,6000,52.17391304347826
218,115,0.09565217391304348,0.3565217391304348,5385,46.82608695652174
219,115,0.06956521739130435,0.3391304347826087,4950,43.04347826086956
220,115,0.05217391304347826,0.30434782608695654,4470,38.869565217391305
221,115,0.06956521739130435,0.41739130434782606,6015,52.30434782608695
222,115,0.06086956521739131,0.3391304347826087,4980,43.30434782608695
223,115,0.043478260869565216,0.34782608695652173,5190,45.130434782608695
224,115,0.0782608695652174,0.3739130434782609,5370,46.69565217391305
225,115,0.08695652173913043,0.3391304347826087,5145,44.73913043478261
226,115,0.09565217391304348,0.3130434782608696,4905,42.65217391304348
227,115,0.06956521739130435,0.3652173913043478,5190,45.130434782608695
228,115,0.06086956521739131,0.3565217391304348,4845,42.130434782608695
229,115,0.06956521739130435,0.3391304347826087,4875,42.391304347826086
230,115,0.0782608695652174,0.45217391304347826,6360,55.30434782608695
231,115,0.06086956521739131,0.3652173913043478,5220,45.391304347826086
232,115,0.06956521739130435,0.3652173913043478,5310,46.17391304347826
233,115,0.0782608695652174,0.391304347826087,5475,47.608695652173914
234,115,0.06086956521739131,0.33043478260869563,4935,42.91304347826087
235,115,0.06086956521739131,0.3391304347826087,4650,40.43478260869565
236,115,0.06956521739130435,0.25217391304347825,3990,34.69565217391305
237,115,0.0782608695652174,0.41739130434782606,6060,52.69565217391305
238,115,0.09565217391304348,0.3565217391304348,5580,48.52173913043478
239,115,0.034782608695652174,0.3217391304347826,4335,37.69565217391305
240,115,0.08695652173913043,0.4434782608695652,6225,54.130434782608695
241,115,0.0782608695652174,0.3217391304347826,4995,43.43478260869565
242,115,0.12173913043478261,0.45217391304347826,6855,59.608695652173914
243,115,0.06086956521739131,0.24347826086956523,3465,30.130434782608695
244,115,0.11304347826086956,0.3130434782608696,5040,43.82608695652174
245,115,0.06086956521739131,0.2782608695652174,4350,37.82608695652174
246,115,0.09565217391304348,0.4260869565217391,6045,52.56521739130435
247,115,0.06956521739130435,0.3565217391304348,5085,44.21739130434783
248,115,0.08695652173913043,0.3739130434782609,5640,49.04347826086956
249,115,0.08695652173913043,0.3391304347826087,4980,43.30434782608695
250,115,0.06086956521739131,0.34782608695652173,5265,45.78260869565217
251,115,0.02608695652173913,0.3652173913043478,4950,43.04347826086956
252,115,0.10434782608695652,0.40869565217391307,5970,51.91304347826087
253,115,0.14782608695652175,0.4,6105,53.08695652173913
254,115,0.08695652173913043,0.4434782608695652,6705,58.30434782608695
255,115,0.06086956521739131,0.33043478260869563,4695,40.82608695652174
256,115,0.09565217391304348,0.34782608695652173,5265,45.78260869565217
257,115,0.02608695652173913,0.2956521739130435,3840,33.391304347826086
258,115,0.06086956521739131,0.43478260869565216,6150,53.47826086956522
259,115,0.017391304347826087,0.28695652173913044,3720,32.34782608695652
260,115,0.09565217391304348,0.4,5955,51.78260869565217
261,115,0.06956521739130435,0.4,5565,48.391304347826086
262,115,0.0782608695652174,0.3739130434782609,5460,47.47826086956522
263,115,0.09565217391304348,0.30434782608695654,4575,39.78260869565217
264,115,0.11304347826086956,0.40869565217391307,6330,55.04347826086956
265,115,0.08695652173913043,0.34782608695652173,5250,45.65217391304348
266,115,0.08695652173913043,0.2956521739130435,4080,35.47826086956522
267,115,0.10434782608695652,0.3565217391304348,5475,47.608695652173914
268,115,0.0782608695652174,0.40869565217391307,5970,51.91304347826087
269,115,0.08695652173913043,0.4434782608695652,6345,55.17391304347826
270,115,0.06956521739130435,0.3391304347826087,5010,43.56521739130435
271,115,0.06956521739130435,0.3652173913043478,5340,46.43478260869565
272,115,0.06086956521739131,0.3652173913043478,5100,44.34782608695652
273,115,0.10434782608695652,0.4,6165,53.608695652173914
274,115,0.043478260869565216,0.3652173913043478,5280,45.91304347826087
275,115,0.06956521739130435,0.3652173913043478,5445,47.34782608695652
276,115,0.12173913043478261,0.4956521739130435,6840,59.47826086956522
277,115,0.09565217391304348,0.4260869565217391,6240,54.26086956521739
278,115,0.06956521739130435,0.4,5760,50.08695652173913
279,115,0.05217391304347826,0.3130434782608696,4320,37.56521739130435
280,115,0.11304347826086956,0.40869565217391307,6075,52.82608695652174
281,115,0.05217391304347826,0.28695652173913044,4290,37.30434782608695
282,115,0.0782608695652174,0.3826086956521739,5775,50.21739130434783
283,115,0.05217391304347826,0.3391304347826087,4920,42.78260869565217
284,115,0.0782608695652174,0.3826086956521739,5535,48.130434782608695
285,115,0.11304347826086956,0.4260869565217391,6540,56.869565217391305
286,115,0.08695652173913043,0.33043478260869563,4860,42.26086956521739
287,115,0.017391304347826087,0.45217391304347826,6150,53.47826086956522
288,115,0.06086956521739131,0.3565217391304348,5175,45.0
289,115,0.0782608695652174,0.34782608695652173,5235,45.52173913043478
290,115,0.06956521739130435,0.3391304347826087,5175,45.0
291,115,0.09565217391304348,0.41739130434782606,6255,54.391304347826086
292,115,0.08695652173913043,0.3652173913043478,5400,46.95652173913044
293,115,0.10434782608695652,0.3826086956521739,5670,49.30434782608695
294,115,0.08695652173913043,0.33043478260869563,4845,42.130434782608695
295,115,0.06086956521739131,0.3391304347826087,4860,42.26086956521739
296,115,0.08695652173913043,0.3826086956521739,5940,51.65217391304348
297,115,0.06086956521739131,0.33043478260869563,4725,41.08695652173913
298,115,0.0782608695652174,0.391304347826087,5685,49.43478260869565
299,115,0.06086956521739131,0.3826086956521739,5805,50.47826086956522
300,115,0.10434782608695652,0.4434782608695652,6600,57.391304347826086
301,115,0.0782608695652174,0.3130434782608696,4695,40.82608695652174
302,115,0.017391304347826087,0.30434782608695654,3990,34.69565217391305
303,115,0.0782608695652174,0.3130434782608696,4545,39.52173913043478
304,115,0.0782608695652174,0.3565217391304348,5115,44.47826086956522
305,115,0.09565217391304348,0.40869565217391307,6210,54.0
306,115,0.09565217391304348,0.3826086956521739,5760,50.08695652173913
307,115,0.043478260869565216,0.33043478260869563,4575,39.78260869565217
308,115,0.06956521739130435,0.2956521739130435,4335,37.69565217391305
309,115,0.0782608695652174,0.40869565217391307,5895,51.26086956521739
310,115,0.0782608695652174,0.4,5850,50.869565217391305
311,115,0.06086956521739131,0.30434782608695654,4500,39.130434782608695
312,115,0.0782608695652174,0.41739130434782606,6285,54.65217391304348
313,115,0.06956521739130435,0.33043478260869563,4935,42.91304347826087
314,115,0.12173913043478261,0.391304347826087,5880,51.130434782608695
315,115,0.10434782608695652,0.41739130434782606,6360,55.30434782608695
316,115,0.043478260869565216,0.3130434782608696,4470,38.869565217391305
317,115,0.08695652173913043,0.4,5940,51.65217391304348
318,115,0.06956521739130435,0.3739130434782609,5115,44.47826086956522
319,115,0.11304347826086956,0.4434782608695652,6645,57.78260869565217
320,115,0.06086956521739131,0.3652173913043478,5355,46.56521739130435
321,115,0.06956521739130435,0.3217391304347826,4740,41.21739130434783
322,115,0.11304347826086956,0.41739130434782606,6075,52.82608695652174
323,115,0.08695652173913043,0.3739130434782609,5430,47.21739130434783
324,115,0.08695652173913043,0.33043478260869563,5085,44.21739130434783
325,115,0.0782608695652174,0.3652173913043478,5415,47.08695652173913
326,115,0.09565217391304348,0.3391304347826087,4950,43.04347826086956
327,115,0.06956521739130435,0.33043478260869563,4770,41.47826086956522
328,115,0.06956521739130435,0.3217391304347826,4515,39.26086956521739
329,115,0.0782608695652174,0.3739130434782609,5700,49.56521739130435
330,115,0.05217391304347826,0.34782608695652173,4905,42.65217391304348
331,115,0.06086956521739131,0.33043478260869563,4395,38.21739130434783
332,115,0.06956521739130435,0.30434782608695654,4350,37.82608695652174
333,115,0.08695652173913043,0.46956521739130436,6705,58.30434782608695
334,115,0.0782608695652174,0.3826086956521739,5610,48.78260869565217
335,115,0.06086956521739131,0.3217391304347826,4710,40.95652173913044
336,115,0.043478260869565216,0.40869565217391307,5730,49.82608695652174
337,115,0.06086956521739131,0.3391304347826087,4800,41.73913043478261
338,115,0.0782608695652174,0.33043478260869563,4965,43.17391304347826
339,115,0.06956521739130435,0.30434782608695654,4215,36.65217391304348
340,115,0.0782608695652174,0.3391304347826087,5040,43.82608695652174
341,115,0.043478260869565216,0.3391304347826087,4800,41.73913043478261
342,115,0.06086956521739131,0.4,5640,49.04347826086956
343,115,0.017391304347826087,0.3391304347826087,4440,38.608695652173914
344,115,0.034782608695652174,0.30434782608695654,4275,37.17391304347826
345,115,0.0782608695652174,0.34782608695652173,4950,43.04347826086956
346,115,0.043478260869565216,0.3652173913043478,5070,44.08695652173913
347,115,0.05217391304347826,0.3130434782608696,4455,38.73913043478261
348,115,0.05217391304347826,0.33043478260869563,4845,42.130434782608695
349,115,0.10434782608695652,0.4434782608695652,6210,54.0
350,115,0.0782608695652174,0.40869565217391307,6030,52.43478260869565
351,115,0.14782608695652175,0.4434782608695652,6585,57.26086956521739
352,115,0.02608695652173913,0.3391304347826087,4320,37.56521739130435
353,115,0.06086956521739131,0.3739130434782609,5145,44.73913043478261
354,115,0.13043478260869565,0.4260869565217391,6105,53.08695652173913
355,115,0.11304347826086956,0.4,6255,54.391304347826086
356,115,0.0782608695652174,0.4,5730,49.82608695652174
357,115,0.08695652173913043,0.391304347826087,5850,50.869565217391305
358,115,0.05217391304347826,0.391304347826087,5610,48.78260869565217
359,115,0.0782608695652174,0.40869565217391307,5895,51.26086956521739
360,115,0.08695652173913043,0.3826086956521739,5565,48.391304347826086
361,115,0.06086956521739131,0.34782608695652173,5085,44.21739130434783
362,115,0.06086956521739131,0.40869565217391307,5760,50.08695652173913
363,115,0.09565217391304348,0.4,6210,54.0
364,115,0.06956521739130435,0.33043478260869563,4695,40.82608695652174
365,115,0.09565217391304348,0.45217391304347826,6345,55.17391304347826
366,115,0.08695652173913043,0.3565217391304348,5385,46.82608695652174
367,115,0.06086956521739131,0.3217391304347826,4935,42.91304347826087
368,115,0.09565217391304348,0.45217391304347826,6570,57.130434782608695
369,115,0.06956521739130435,0.391304347826087,5910,51.391304347826086
370,115,0.05217391304347826,0.4,5775,50.21739130434783
371,115,0.08695652173913043,0.3826086956521739,5625,48.91304347826087
372,115,0.043478260869565216,0.2608695652173913,3945,34.30434782608695
373,115,0.05217391304347826,0.3826086956521739,5715,49.69565217391305
374,115,0.0782608695652174,0.30434782608695654,4335,37.69565217391305
375,115,0.08695652173913043,0.41739130434782606,5985,52.04347826086956
376,115,0.08695652173913043,0.40869565217391307,5895,51.26086956521739
377,115,0.08695652173913043,0.3739130434782609,5685,49.43478260869565
378,115,0.06086956521739131,0.391304347826087,5490,47.73913043478261
379,115,0.06956521739130435,0.3652173913043478,5340,46.43478260869565
380,115,0.05217391304347826,0.2956521739130435,3900,33.91304347826087
381,115,0.09565217391304348,0.3826086956521739,5565,48.391304347826086
382,115,0.06086956521739131,0.33043478260869563,4965,43.17391304347826
383,115,0.09565217391304348,0.40869565217391307,6150,53.47826086956522
384,115,0.02608695652173913,0.33043478260869563,4455,38.73913043478261
385,115,0.08695652173913043,0.4260869565217391,6105,53.08695652173913
386,115,0.08695652173913043,0.30434782608695654,4800,41.73913043478261
387,115,0.05217391304347826,0.3739130434782609,5310,46.17391304347826
388,115,0.09565217391304348,0.3739130434782609,5235,45.52173913043478
389,115,0.05217391304347826,0.3826086956521739,5475,47.608695652173914
390,115,0.13043478260869565,0.4260869565217391,6360,55.30434782608695
391,115,0.12173913043478261,0.4260869565217391,6120,53.21739130434783
392,115,0.10434782608695652,0.4,5895,51.26086956521739
393,115,0.06086956521739131,0.2782608695652174,4140,36.0
394,115,0.06956521739130435,0.3565217391304348,5250,45.65217391304348
395,115,0.06956521739130435,0.4,5670,49.30434782608695
396,115,0.0782608695652174,0.3739130434782609,5160,44.869565217391305
397,115,0.09565217391304348,0.3826086956521739,5670,49.30434782608695
398,115,0.0782608695652174,0.2956521739130435,4485,39.0
399,115,0.06086956521739131,0.45217391304347826,6675,58.04347826086956
400,115,0.08695652173913043,0.3826086956521739,5805,50.47826086956522
401,115,0.06956521739130435,0.3739130434782609,5130,44.608695652173914
402,115,0.0782608695652174,0.33043478260869563,5070,44.08695652173913
403,115,0.06956521739130435,0.3130434782608696,4485,39.0
404,115,0.06956521739130435,0.24347826086956523,3960,34.43478260869565
405,115,0.05217391304347826,0.3739130434782609,5010,43.56521739130435
406,115,0.05217391304347826,0.3652173913043478,5280,45.91304347826087
407,115,0.06956521739130435,0.3217391304347826,4410,38.34782608695652
408,115,0.06956521739130435,0.3652173913043478,5595,48.65217391304348
409,115,0.05217391304347826,0.33043478260869563,4575,39.78260869565217
410,115,0.06086956521739131,0.2782608695652174,3960,34.43478260869565
411,115,0.05217391304347826,0.3652173913043478,5085,44.21739130434783
412,115,0.06956521739130435,0.391304347826087,5745,49.95652173913044
413,115,0.08695652173913043,0.3652173913043478,5055,43.95652173913044
414,115,0.0782608695652174,0.34782608695652173,4815,41.869565217391305
415,115,0.06956521739130435,0.3391304347826087,5280,45.91304347826087
416,115,0.06956521739130435,0.3391304347826087,5145,44.73913043478261
417,115,0.06956521739130435,0.41739130434782606,5700,49.56521739130435
418,115,0.034782608695652174,0.4,5580,48.52173913043478
419,115,0.09565217391304348,0.3826086956521739,5730,49.82608695652174
420,115,0.08695652173913043,0.34782608695652173,5220,45.391304347826086
421,115,0.06086956521739131,0.3391304347826087,4890,42.52173913043478
422,115,0.09565217391304348,0.3826086956521739,5520,48.0
423,115,0.05217391304347826,0.3217391304347826,4305,37.43478260869565
424,115,0.06086956521739131,0.3217391304347826,4920,42.78260869565217
425,115,0.10434782608695652,0.391304347826087,5745,49.95652173913044
426,115,0.06956521739130435,0.2956521739130435,4110,35.73913043478261
427,115,0.12173913043478261,0.3652173913043478,5910,51.391304347826086
428,115,0.06086956521739131,0.3391304347826087,5145,44.73913043478261
429,115,0.043478260869565216,0.3217391304347826,4665,40.56521739130435
430,115,0.12173913043478261,0.40869565217391307,6120,53.21739130434783
431,115,0.10434782608695652,0.41739130434782606,6135,53.34782608695652
432,115,0.06956521739130435,0.3652173913043478,5295,46.04347826086956
433,115,0.10434782608695652,0.4260869565217391,6240,54.26086956521739
434,115,0.05217391304347826,0.3565217391304348,5115,44.47826086956522
435,115,0.0782608695652174,0.3565217391304348,5085,44.21739130434783
436,115,0.11304347826086956,0.3652173913043478,5550,48.26086956521739
437,115,0.0782608695652174,0.26956521739130435,4215,36.65217391304348
438,115,0.10434782608695652,0.3391304347826087,5175,45.0
439,115,0.11304347826086956,0.40869565217391307,6060,52.69565217391305
440,115,0.10434782608695652,0.3826086956521739,5505,47.869565217391305
441,115,0.05217391304347826,0.3565217391304348,5085,44.21739130434783
442,115,0.10434782608695652,0.3391304347826087,5355,46.56521739130435
443,115,0.10434782608695652,0.40869565217391307,6060,52.69565217391305
444,115,0.06956521739130435,0.34782608695652173,5085,44.21739130434783
445,115,0.0782608695652174,0.2956521739130435,4575,39.78260869565217
446,115,0.0782608695652174,0.28695652173913044,4410,38.34782608695652
447,115,0.11304347826086956,0.4260869565217391,6465,56.21739130434783
448,115,0.06086956521739131,0.3391304347826087,4800,41.73913043478261
449,115,0.0782608695652174,0.3565217391304348,5145,44.73913043478261
450,115,0.017391304347826087,0.391304347826087,5310,46.17391304347826
451,115,0.06086956521739131,0.3826086956521739,5385,46.82608695652174
452,115,0.09565217391304348,0.2608695652173913,4440,38.608695652173914
453,115,0.09565217391304348,0.4260869565217391,6495,56.47826086956522
454,115,0.10434782608695652,0.41739130434782606,6180,53.73913043478261
455,115,0.0782608695652174,0.43478260869565216,6480,56.34782608695652
456,115,0.10434782608695652,0.391304347826087,5745,49.95652173913044
457,115,0.06956521739130435,0.3391304347826087,4905,42.65217391304348
458,115,0.09565217391304348,0.391304347826087,5490,47.73913043478261
459,115,0.10434782608695652,0.4,5640,49.04347826086956
460,115,0.09565217391304348,0.3652173913043478,5940,51.65217391304348
461,115,0.043478260869565216,0.4,5460,47.47826086956522
462,115,0.10434782608695652,0.4,5985,52.04347826086956
463,115,0.0782608695652174,0.4,5610,48.78260869565217
464,115,0.06086956521739131,0.3565217391304348,4920,42.78260869565217
465,115,0.12173913043478261,0.4434782608695652,7125,61.95652173913044
466,115,0.10434782608695652,0.391304347826087,5655,49.17391304347826
467,115,0.10434782608695652,0.3739130434782609,5490,47.73913043478261
468,115,0.0782608695652174,0.4260869565217391,6375,55.43478260869565
469,115,0.034782608695652174,0.30434782608695654,4305,37.43478260869565
470,115,0.08695652173913043,0.3652173913043478,5430,47.21739130434783
471,115,0.06956521739130435,0.3826086956521739,5475,47.608695652173914
472,115,0.06956521739130435,0.3565217391304348,5160,44.869565217391305
473,115,0.05217391304347826,0.28695652173913044,3840,33.391304347826086
474,115,0.06956521739130435,0.3391304347826087,4665,40.56521739130435
475,115,0.0782608695652174,0.3739130434782609,5580,48.52173913043478
476,115,0.06086956521739131,0.3826086956521739,5595,48.65217391304348
477,115,0.06956521739130435,0.4434782608695652,6390,55.56521739130435
478,115,0.09565217391304348,0.3565217391304348,5565,48.391304347826086
479,115,0.06086956521739131,0.3565217391304348,5040,43.82608695652174
480,115,0.06086956521739131,0.3391304347826087,4800,41.73913043478261
481,115,0.09565217391304348,0.3391304347826087,4995,43.43478260869565
482,115,0.0782608695652174,0.3826086956521739,5730,49.82608695652174
483,115,0.10434782608695652,0.3652173913043478,5625,48.91304347826087
484,115,0.13043478260869565,0.4608695652173913,7065,61.43478260869565
485,115,0.11304347826086956,0.3565217391304348,5460,47.47826086956522
486,115,0.06086956521739131,0.30434782608695654,4335,37.69565217391305
487,115,0.11304347826086956,0.3565217391304348,5595,48.65217391304348
488,115,0.0782608695652174,0.391304347826087,5700,49.56521739130435
489,115,0.09565217391304348,0.4434782608695652,6195,53.869565217391305
490,115,0.034782608695652174,0.3217391304347826,4305,37.43478260869565
491,115,0.06086956521739131,0.3391304347826087,4650,40.43478260869565
492,115,0.09565217391304348,0.3565217391304348,5430,47.21739130434783
493,115,0.0782608695652174,0.30434782608695654,4440,38.608695652173914
494,115,0.08695652173913043,0.3391304347826087,5010,43.56521739130435
495,115,0.06956521739130435,0.3565217391304348,5040,43.82608695652174
496,115,0.06956521739130435,0.3826086956521739,5265,45.78260869565217
497,115,0.06956521739130435,0.3391304347826087,4860,42.26086956521739
498,115,0.11304347826086956,0.34782608695652173,5385,46.82608695652174
499,115,0.06086956521739131,0.33043478260869563,4695,40.82608695652174
500,115,0.06086956521739131,0.4,5715,49.69565217391305
501,115,0.05217391304347826,0.3739130434782609,5415,47.08695652173913
502,115,0.09565217391304348,0.391304347826087,5715,49.69565217391305
503,115,0.09565217391304348,0.391304347826087,5715,49.69565217391305
504,115,0.034782608695652174,0.3391304347826087,4860,42.26086956521739
505,115,0.06086956521739131,0.4,5580,48.52173913043478
506,115,0.06086956521739131,0.3652173913043478,5430,47.21739130434783
507,115,0.09565217391304348,0.4434782608695652,6570,57.130434782608695
508,115,0.05217391304347826,0.391304347826087,5475,47.608695652173914
509,115,0.11304347826086956,0.4,5640,49.04347826086956
510,115,0.06086956521739131,0.3391304347826087,4755,41.34782608695652
511,115,0.06086956521739131,0.3652173913043478,5130,44.608695652173914
512,115,0.06956521739130435,0.3217391304347826,4515,39.26086956521739
513,115,0.11304347826086956,0.3739130434782609,5490,47.73913043478261
514,115,0.10434782608695652,0.34782608695652173,5340,46.43478260869565
515,115,0.017391304347826087,0.2608695652173913,3600,31.304347826086957
516,115,0.06086956521739131,0.3217391304347826,4860,42.26086956521739
517,115,0.08695652173913043,0.34782608695652173,5055,43.95652173913044
518,115,0.0782608695652174,0.3739130434782609,5385,46.82608695652174
519,115,0.06956521739130435,0.391304347826087,5430,47.21739130434783
520,115,0.06956521739130435,0.28695652173913044,4560,39.65217391304348
521,115,0.0782608695652174,0.3652173913043478,5235,45.52173913043478
522,115,0.0782608695652174,0.41739130434782606,5910,51.391304347826086
523,115,0.06956521739130435,0.3217391304347826,4965,43.17391304347826
524,115,0.06086956521739131,0.3652173913043478,5415,47.08695652173913
525,115,0.06956521739130435,0.30434782608695654,4425,38.47826086956522
526,115,0.0782608695652174,0.4260869565217391,6240,54.26086956521739
527,115,0.10434782608695652,0.4434782608695652,6795,59.08695652173913
528,115,0.12173913043478261,0.3826086956521739,5610,48.78260869565217
529,115,0.11304347826086956,0.391304347826087,6120,53.21739130434783
530,115,0.08695652173913043,0.3652173913043478,5400,46.95652173913044
531,115,0.08695652173913043,0.33043478260869563,4740,41.21739130434783
532,115,0.0782608695652174,0.391304347826087,5985,52.04347826086956
533,115,0.06956521739130435,0.3739130434782609,5505,47.869565217391305
534,115,0.06086956521739131,0.3565217391304348,5160,44.869565217391305
535,115,0.05217391304347826,0.3739130434782609,5295,46.04347826086956
536,115,0.11304347826086956,0.3652173913043478,5355,46.56521739130435
537,115,0.06086956521739131,0.3739130434782609,5160,44.869565217391305
538,115,0.0782608695652174,0.3652173913043478,5325,46.30434782608695
539,115,0.08695652173913043,0.3565217391304348,5430,47.21739130434783
540,115,0.09565217391304348,0.3391304347826087,5310,46.17391304347826
541,115,0.08695652173913043,0.3130434782608696,4860,42.26086956521739
542,115,0.11304347826086956,0.48695652173913045,7320,63.65217391304348
543,115,0.12173913043478261,0.4,6360,55.30434782608695
544,115,0.08695652173913043,0.3826086956521739,5205,45.26086956521739
545,115,0.11304347826086956,0.391304347826087,6195,53.869565217391305
546,115,0.05217391304347826,0.3565217391304348,4875,42.391304347826086
547,115,0.06086956521739131,0.3391304347826087,4980,43.30434782608695
548,115,0.05217391304347826,0.3391304347826087,4635,40.30434782608695
549,115,0.05217391304347826,0.3391304347826087,4680,40.69565217391305
550,115,0.11304347826086956,0.4434782608695652,6810,59.21739130434783
551,115,0.0782608695652174,0.40869565217391307,5850,50.869565217391305
552,115,0.0782608695652174,0.391304347826087,5760,50.08695652173913
553,115,0.034782608695652174,0.33043478260869563,4665,40.56521739130435
554,115,0.0782608695652174,0.3391304347826087,5100,44.34782608695652
555,115,0.13043478260869565,0.34782608695652173,5880,51.130434782608695
556,115,0.06956521739130435,0.3217391304347826,4275,37.17391304347826
557,115,0.034782608695652174,0.3652173913043478,4830,42.0
558,115,0.11304347826086956,0.3652173913043478,5715,49.69565217391305
559,115,0.11304347826086956,0.4260869565217391,6240,54.26086956521739
560,115,0.08695652173913043,0.40869565217391307,5880,51.130434782608695
561,115,0.1391304347826087,0.43478260869565216,6525,56.73913043478261
562,115,0.06086956521739131,0.30434782608695654,4410,38.34782608695652
563,115,0.08695652173913043,0.3739130434782609,5655,49.17391304347826
564,115,0.09565217391304348,0.3739130434782609,5805,50.47826086956522
565,115,0.043478260869565216,0.33043478260869563,4335,37.69565217391305
566,115,0.11304347826086956,0.41739130434782606,6225,54.130434782608695
567,115,0.06956521739130435,0.3652173913043478,4890,42.52173913043478
568,115,0.08695652173913043,0.4608695652173913,6660,57.91304347826087
569,115,0.06956521739130435,0.3739130434782609,5430,47.21739130434783
570,115,0.043478260869565216,0.3391304347826087,4635,40.30434782608695
571,115,0.06956521739130435,0.4,5925,51.52173913043478
572,115,0.08695652173913043,0.2956521739130435,4680,40.69565217391305
573,115,0.043478260869565216,0.3826086956521739,5310,46.17391304347826
574,115,0.0782608695652174,0.3217391304347826,4575,39.78260869565217
575,115,0.0782608695652174,0.33043478260869563,4785,41.608695652173914
576,115,0.043478260869565216,0.3217391304347826,4545,39.52173913043478
577,115,0.06086956521739131,0.26956521739130435,3870,33.65217391304348
578,115,0.08695652173913043,0.34782608695652173,4935,42.91304347826087
579,115,0.08695652173913043,0.28695652173913044,4725,41.08695652173913
580,115,0.0782608695652174,0.391304347826087,5700,49.56521739130435
581,115,0.13043478260869565,0.3652173913043478,5565,48.391304347826086
582,115,0.06086956521739131,0.40869565217391307,5640,49.04347826086956
583,115,0.0782608695652174,0.391304347826087,5400,46.95652173913044
584,115,0.09565217391304348,0.40869565217391307,6060,52.69565217391305
585,115,0.08695652173913043,0.3652173913043478,5160,44.869565217391305
586,115,0.08695652173913043,0.3565217391304348,5325,46.30434782608695
587,115,0.11304347826086956,0.391304347826087,6195,53.869565217391305
588,115,0.017391304347826087,0.3565217391304348,4680,40.69565217391305
589,115,0.06956521739130435,0.41739130434782606,5610,48.78260869565217
590,115,0.0782608695652174,0.41739130434782606,6180,53.73913043478261
591,115,0.08695652173913043,0.33043478260869563,4665,40.56521739130435
592,115,0.05217391304347826,0.41739130434782606,5700,49.56521739130435
593,115,0.11304347826086956,0.3826086956521739,5625,48.91304347826087
594,115,0.06956521739130435,0.3739130434782609,5685,49.43478260869565
595,115,0.06086956521739131,0.4260869565217391,5850,50.869565217391305
596,115,0.09565217391304348,0.3565217391304348,5250,45.65217391304348
597,115,0.06086956521739131,0.4260869565217391,6345,55.17391304347826
598,115,0.06956521739130435,0.3391304347826087,4845,42.130434782608695
599,115,0.06956521739130435,0.33043478260869563,4560,39.65217391304348
600,115,0.12173913043478261,0.3565217391304348,5430,47.21739130434783
601,115,0.08695652173913043,0.3130434782608696,4725,41.08695652173913
602,115,0.06956521739130435,0.3739130434782609,5385,46.82608695652174
603,115,0.034782608695652174,0.40869565217391307,5640,49.04347826086956
604,115,0.06956521739130435,0.3652173913043478,5295,46.04347826086956
605,115,0.05217391304347826,0.3391304347826087,4620,40.17391304347826
606,115,0.02608695652173913,0.3130434782608696,4230,36.78260869565217
607,115,0.09565217391304348,0.3130434782608696,4875,42.391304347826086
608,115,0.02608695652173913,0.2782608695652174,3825,33.26086956521739
609,115,0.08695652173913043,0.2956521739130435,4545,39.52173913043478
610,115,0.043478260869565216,0.26956521739130435,3885,33.78260869565217
611,115,0.0782608695652174,0.3565217391304348,5070,44.08695652173913
612,115,0.09565217391304348,0.41739130434782606,6240,54.26086956521739
613,115,0.08695652173913043,0.40869565217391307,5895,51.26086956521739
614,115,0.06956521739130435,0.391304347826087,5505,47.869565217391305
615,115,0.043478260869565216,0.33043478260869563,4800,41.73913043478261
616,115,0.10434782608695652,0.33043478260869563,5205,45.26086956521739
617,115,0.09565217391304348,0.4,5820,50.608695652173914
618,115,0.08695652173913043,0.33043478260869563,5085,44.21739130434783
619,115,0.09565217391304348,0.41739130434782606,6015,52.30434782608695
620,115,0.08695652173913043,0.34782608695652173,5205,45.26086956521739
621,115,0.0782608695652174,0.3826086956521739,5925,51.52173913043478
622,115,0.06956521739130435,0.41739130434782606,6090,52.95652173913044
623,115,0.08695652173913043,0.4,5910,51.391304347826086
624,115,0.10434782608695652,0.4608695652173913,6735,58.56521739130435
625,115,0.0782608695652174,0.3391304347826087,5070,44.08695652173913
626,115,0.043478260869565216,0.3652173913043478,4770,41.47826086956522
627,115,0.09565217391304348,0.33043478260869563,5175,45.0
628,115,0.06086956521739131,0.3652173913043478,5010,43.56521739130435
629,115,0.0782608695652174,0.33043478260869563,4740,41.21739130434783
630,115,0.06086956521739131,0.391304347826087,5190,45.130434782608695
631,115,0.09565217391304348,0.391304347826087,5940,51.65217391304348
632,115,0.0782608695652174,0.391304347826087,5595,48.65217391304348
633,115,0.05217391304347826,0.2956521739130435,4230,36.78260869565217
634,115,0.08695652173913043,0.3826086956521739,5970,51.91304347826087
635,115,0.06086956521739131,0.3826086956521739,5610,48.78260869565217
636,115,0.08695652173913043,0.41739130434782606,6060,52.69565217391305
637,115,0.06086956521739131,0.3130434782608696,4515,39.26086956521739
638,115,0.08695652173913043,0.3739130434782609,5400,46.95652173913044
639,115,0.08695652173913043,0.3652173913043478,5535,48.130434782608695
640,115,0.02608695652173913,0.3652173913043478,4845,42.130434782608695
641,115,0.06956521739130435,0.40869565217391307,5625,48.91304347826087
642,115,0.08695652173913043,0.2782608695652174,3855,33.52173913043478
643,115,0.09565217391304348,0.3391304347826087,5370,46.69565217391305
644,115,0.0782608695652174,0.3565217391304348,5325,46.30434782608695
645,115,0.09565217391304348,0.3391304347826087,4890,42.52173913043478
646,115,0.11304347826086956,0.40869565217391307,6075,52.82608695652174
647,115,0.05217391304347826,0.3652173913043478,5295,46.04347826086956
648,115,0.05217391304347826,0.391304347826087,5805,50.47826086956522
649,115,0.06956521739130435,0.43478260869565216,6255,54.391304347826086
650,115,0.034782608695652174,0.33043478260869563,4620,40.17391304347826
651,115,0.05217391304347826,0.3565217391304348,4875,42.391304347826086
652,115,0.06956521739130435,0.40869565217391307,5895,51.26086956521739
653,115,0.08695652173913043,0.4260869565217391,6360,55.30434782608695
654,115,0.0782608695652174,0.3739130434782609,5715,49.69565217391305
655,115,0.08695652173913043,0.33043478260869563,5070,44.08695652173913
656,115,0.0782608695652174,0.41739130434782606,6420,55.82608695652174
657,115,0.11304347826086956,0.4,6105,53.08695652173913
658,115,0.0782608695652174,0.3739130434782609,5520,48.0
659,115,0.0782608695652174,0.3391304347826087,5325,46.30434782608695
660,115,0.09565217391304348,0.3826086956521739,5955,51.78260869565217
661,115,0.06956521739130435,0.3652173913043478,5265,45.78260869565217
662,115,0.06956521739130435,0.3826086956521739,5520,48.0
663,115,0.043478260869565216,0.3130434782608696,4515,39.26086956521739
664,115,0.08695652173913043,0.3391304347826087,4935,42.91304347826087
665,115,0.08695652173913043,0.391304347826087,5760,50.08695652173913
666,115,0.0782608695652174,0.41739130434782606,5970,51.91304347826087
667,115,0.10434782608695652,0.34782608695652173,5340,46.43478260869565
668,115,0.09565217391304348,0.41739130434782606,6105,53.08695652173913
669,115,0.13043478260869565,0.4,6285,54.65217391304348
670,115,0.08695652173913043,0.40869565217391307,6405,55.69565217391305
671,115,0.08695652173913043,0.4260869565217391,6525,56.73913043478261
672,115,0.11304347826086956,0.40869565217391307,6045,52.56521739130435
673,115,0.06086956521739131,0.33043478260869563,4860,42.26086956521739
674,115,0.06956521739130435,0.4434782608695652,6450,56.08695652173913
675,115,0.06956521739130435,0.3565217391304348,5265,45.78260869565217
676,115,0.06086956521739131,0.3826086956521739,5220,45.391304347826086
677,115,0.10434782608695652,0.4608695652173913,6765,58.82608695652174
678,115,0.034782608695652174,0.34782608695652173,5085,44.21739130434783
679,115,0.034782608695652174,0.4,5625,48.91304347826087
680,115,0.043478260869565216,0.3130434782608696,4650,40.43478260869565
681,115,0.06956521739130435,0.4434782608695652,6285,54.65217391304348
682,115,0.09565217391304348,0.33043478260869563,5085,44.21739130434783
683,115,0.12173913043478261,0.4,6510,56.608695652173914
684,115,0.09565217391304348,0.391304347826087,5715,49.69565217391305
685,115,0.09565217391304348,0.3565217391304348,5610,48.78260869565217
686,115,0.043478260869565216,0.4434782608695652,6210,54.0
687,115,0.06086956521739131,0.2956521739130435,4155,36.130434782608695
688,115,0.09565217391304348,0.34782608695652173,5310,46.17391304347826
689,115,0.0782608695652174,0.3565217391304348,5070,44.08695652173913
690,115,0.09565217391304348,0.4260869565217391,6465,56.21739130434783
691,115,0.06956521739130435,0.34782608695652173,5100,44.34782608695652
692,115,0.043478260869565216,0.2782608695652174,3600,31.304347826086957
693,115,0.0782608695652174,0.3826086956521739,5430,47.21739130434783
694,115,0.11304347826086956,0.3826086956521739,5820,50.608695652173914
695,115,0.043478260869565216,0.3565217391304348,5160,44.869565217391305
696,115,0.06086956521739131,0.3217391304347826,4545,39.52173913043478
697,115,0.08695652173913043,0.4,5835,50.73913043478261
698,115,0.043478260869565216,0.3652173913043478,5145,44.73913043478261
699,115,0.0782608695652174,0.40869565217391307,5805,50.47826086956522
700,115,0.0782608695652174,0.41739130434782606,6210,54.0
701,115,0.043478260869565216,0.2782608695652174,3825,33.26086956521739
702,115,0.05217391304347826,0.3217391304347826,4560,39.65217391304348
703,115,0.05217391304347826,0.34782608695652173,5025,43.69565217391305
704,115,0.08695652173913043,0.3826086956521739,5655,49.17391304347826
705,115,0.043478260869565216,0.3565217391304348,4545,39.52173913043478
706,115,0.0782608695652174,0.30434782608695654,4440,38.608695652173914
707,115,0.09565217391304348,0.3652173913043478,5625,48.91304347826087
708,115,0.08695652173913043,0.3826086956521739,5505,47.869565217391305
709,115,0.06956521739130435,0.3826086956521739,5580,48.52173913043478
710,115,0.06956521739130435,0.3739130434782609,5505,47.869565217391305
711,115,0.11304347826086956,0.391304347826087,6120,53.21739130434783
712,115,0.0782608695652174,0.3130434782608696,4860,42.26086956521739
713,115,0.06086956521739131,0.43478260869565216,6315,54.91304347826087
714,115,0.08695652173913043,0.43478260869565216,6420,55.82608695652174
715,115,0.06956521739130435,0.3391304347826087,5010,43.56521739130435
716,115,0.06086956521739131,0.40869565217391307,5955,51.78260869565217
717,115,0.06956521739130435,0.3652173913043478,5325,46.30434782608695
718,115,0.08695652173913043,0.40869565217391307,6255,54.391304347826086
719,115,0.034782608695652174,0.33043478260869563,4560,39.65217391304348
720,115,0.0782608695652174,0.45217391304347826,6270,54.52173913043478
721,115,0.05217391304347826,0.3565217391304348,5130,44.608695652173914
722,115,0.0782608695652174,0.391304347826087,5760,50.08695652173913
723,115,0.0782608695652174,0.3652173913043478,5595,48.65217391304348
724,115,0.06956521739130435,0.2782608695652174,3960,34.43478260869565
725,115,0.06086956521739131,0.2956521739130435,4185,36.391304347826086
726,115,0.09565217391304348,0.3217391304347826,4575,39.78260869565217
727,115,0.06956521739130435,0.3652173913043478,5430,47.21739130434783
728,115,0.11304347826086956,0.3739130434782609,5625,48.91304347826087
729,115,0.06086956521739131,0.3826086956521739,5355,46.56521739130435
730,115,0.11304347826086956,0.41739130434782606,6210,54.0
731,115,0.11304347826086956,0.4434782608695652,6675,58.04347826086956
732,115,0.06086956521739131,0.3565217391304348,5010,43.56521739130435
733,115,0.06956521739130435,0.4608695652173913,6450,56.08695652173913
734,115,0.043478260869565216,0.3652173913043478,5070,44.08695652173913
735,115,0.08695652173913043,0.3826086956521739,5790,50.34782608695652
736,115,0.06956521739130435,0.3565217391304348,5205,45.26086956521739
737,115,0.06086956521739131,0.391304347826087,5700,49.56521739130435
738,115,0.043478260869565216,0.34782608695652173,4875,42.391304347826086
739,115,0.0782608695652174,0.33043478260869563,5025,43.69565217391305
740,115,0.08695652173913043,0.3565217391304348,5475,47.608695652173914
741,115,0.06956521739130435,0.40869565217391307,6180,53.73913043478261
742,115,0.06956521739130435,0.43478260869565216,5985,52.04347826086956
743,115,0.05217391304347826,0.3130434782608696,4425,38.47826086956522
744,115,0.06086956521739131,0.4260869565217391,5895,51.26086956521739
745,115,0.06086956521739131,0.3130434782608696,4425,38.47826086956522
746,115,0.08695652173913043,0.3739130434782609,5640,49.04347826086956
747,115,0.06956521739130435,0.34782608695652173,5115,44.47826086956522
748,115,0.0782608695652174,0.4608695652173913,6765,58.82608695652174
749,115,0.09565217391304348,0.46956521739130436,6810,59.21739130434783
750,115,0.0782608695652174,0.3217391304347826,4755,41.34782608695652
751,115,0.06956521739130435,0.3826086956521739,5460,47.47826086956522
752,115,0.05217391304347826,0.3826086956521739,5670,49.30434782608695
753,115,0.0782608695652174,0.3652173913043478,5295,46.04347826086956
754,115,0.05217391304347826,0.4,5565,48.391304347826086
755,115,0.06956521739130435,0.3391304347826087,5145,44.73913043478261
756,115,0.043478260869565216,0.30434782608695654,4575,39.78260869565217
757,115,0.06956521739130435,0.3130434782608696,4695,40.82608695652174
758,115,0.06956521739130435,0.33043478260869563,4740,41.21739130434783
759,115,0.05217391304347826,0.34782608695652173,4935,42.91304347826087
760,115,0.06086956521739131,0.3739130434782609,5415,47.08695652173913
761,115,0.10434782608695652,0.40869565217391307,6315,54.91304347826087
762,115,0.06086956521739131,0.3130434782608696,4515,39.26086956521739
763,115,0.10434782608695652,0.40869565217391307,5985,52.04347826086956
764,115,0.043478260869565216,0.3130434782608696,3945,34.30434782608695
765,115,0.08695652173913043,0.3652173913043478,5355,46.56521739130435
766,115,0.0782608695652174,0.33043478260869563,4770,41.47826086956522
767,115,0.05217391304347826,0.3217391304347826,4650,40.43478260869565
768,115,0.0782608695652174,0.34782608695652173,5445,47.34782608695652
769,115,0.09565217391304348,0.3217391304347826,4950,43.04347826086956
770,115,0.06956521739130435,0.34782608695652173,4995,43.43478260869565
771,115,0.0782608695652174,0.4,5955,51.78260869565217
772,115,0.12173913043478261,0.3652173913043478,5280,45.91304347826087
773,115,0.08695652173913043,0.26956521739130435,4005,34.82608695652174
774,115,0.09565217391304348,0.3826086956521739,5610,48.78260869565217
775,115,0.08695652173913043,0.3565217391304348,5040,43.82608695652174
776,115,0.06086956521739131,0.33043478260869563,4920,42.78260869565217
777,115,0.10434782608695652,0.3565217391304348,5340,46.43478260869565
778,115,0.10434782608695652,0.33043478260869563,5085,44.21739130434783
779,115,0.043478260869565216,0.3565217391304348,4935,42.91304347826087
780,115,0.043478260869565216,0.3391304347826087,4860,42.26086956521739
781,115,0.034782608695652174,0.3652173913043478,5145,44.73913043478261
782,115,0.05217391304347826,0.3391304347826087,4980,43.30434782608695
783,115,0.09565217391304348,0.4,5970,51.91304347826087
784,115,0.08695652173913043,0.391304347826087,5865,51.0
785,115,0.06956521739130435,0.26956521739130435,3750,32.608695652173914
786,115,0.06086956521739131,0.3217391304347826,4695,40.82608695652174
787,115,0.11304347826086956,0.3826086956521739,5505,47.869565217391305
788,115,0.10434782608695652,0.3652173913043478,5625,48.91304347826087
789,115,0.05217391304347826,0.4,5595,48.65217391304348
790,115,0.06956521739130435,0.3565217391304348,5145,44.73913043478261
791,115,0.0782608695652174,0.3739130434782609,5790,50.34782608695652
792,115,0.08695652173913043,0.4260869565217391,6045,52.56521739130435
793,115,0.06086956521739131,0.41739130434782606,5880,51.130434782608695
794,115,0.06086956521739131,0.33043478260869563,4980,43.30434782608695
795,115,0.06956521739130435,0.3739130434782609,5310,46.17391304347826
796,115,0.0782608695652174,0.3739130434782609,5235,45.52173913043478
797,115,0.09565217391304348,0.30434782608695654,4680,40.69565217391305
798,115,0.09565217391304348,0.4,6195,53.869565217391305
799,115,0.06956521739130435,0.22608695652173913,3525,30.652173913043477
800,115,0.05217391304347826,0.3739130434782609,5280,45.91304347826087
801,115,0.09565217391304348,0.3652173913043478,5730,49.82608695652174
802,115,0.11304347826086956,0.3826086956521739,5745,49.95652173913044
803,115,0.09565217391304348,0.4,6150,53.47826086956522
804,115,0.11304347826086956,0.3391304347826087,5505,47.869565217391305
805,115,0.0782608695652174,0.30434782608695654,4755,41.34782608695652
806,115,0.09565217391304348,0.34782608695652173,5205,45.26086956521739
807,115,0.034782608695652174,0.2782608695652174,3930,34.17391304347826
808,115,0.06956521739130435,0.4260869565217391,6195,53.869565217391305
809,115,0.09565217391304348,0.26956521739130435,4110,35.73913043478261
810,115,0.06086956521739131,0.40869565217391307,5850,50.869565217391305
811,115,0.09565217391304348,0.3652173913043478,5580,48.52173913043478
812,115,0.06086956521739131,0.3217391304347826,4560,39.65217391304348
813,115,0.0782608695652174,0.3826086956521739,5835,50.73913043478261
814,115,0.043478260869565216,0.3391304347826087,4875,42.391304347826086
815,115,0.06086956521739131,0.46956521739130436,6690,58.17391304347826
816,115,0.05217391304347826,0.3739130434782609,5385,46.82608695652174
817,115,0.06956521739130435,0.30434782608695654,4620,40.17391304347826
818,115,0.06956521739130435,0.30434782608695654,4395,38.21739130434783
819,115,0.12173913043478261,0.3565217391304348,5325,46.30434782608695
820,115,0.08695652173913043,0.4,5865,51.0
821,115,0.06956521739130435,0.3565217391304348,5535,48.130434782608695
822,115,0.11304347826086956,0.43478260869565216,6315,54.91304347826087
823,115,0.09565217391304348,0.4,6210,54.0
824,115,0.06956521739130435,0.33043478260869563,4545,39.52173913043478
825,115,0.09565217391304348,0.3565217391304348,5085,44.21739130434783
826,115,0.06086956521739131,0.2782608695652174,4170,36.26086956521739
827,115,0.06956521739130435,0.3565217391304348,5160,44.869565217391305
828,115,0.06086956521739131,0.30434782608695654,4215,36.65217391304348
829,115,0.06086956521739131,0.3217391304347826,5145,44.73913043478261
830,115,0.08695652173913043,0.4434782608695652,6165,53.608695652173914
831,115,0.08695652173913043,0.34782608695652173,5295,46.04347826086956
832,115,0.09565217391304348,0.34782608695652173,4905,42.65217391304348
833,115,0.0782608695652174,0.4,5850,50.869565217391305
834,115,0.06086956521739131,0.4260869565217391,6150,53.47826086956522
835,115,0.08695652173913043,0.34782608695652173,5520,48.0
836,115,0.06956521739130435,0.3391304347826087,4920,42.78260869565217
837,115,0.06086956521739131,0.3565217391304348,5190,45.130434782608695
838,115,0.08695652173913043,0.4434782608695652,6315,54.91304347826087
839,115,0.06956521739130435,0.3391304347826087,5325,46.30434782608695
840,115,0.06956521739130435,0.3652173913043478,4920,42.78260869565217
841,115,0.11304347826086956,0.5130434782608696,7695,66.91304347826087
842,115,0.06956521739130435,0.34782608695652173,5280,45.91304347826087
843,115,0.06956521739130435,0.3652173913043478,5505,47.869565217391305
844,115,0.043478260869565216,0.30434782608695654,4245,36.91304347826087
845,115,0.09565217391304348,0.34782608695652173,5160,44.869565217391305
846,115,0.1391304347826087,0.3826086956521739,5865,51.0
847,115,0.09565217391304348,0.3391304347826087,5265,45.78260869565217
848,115,0.0782608695652174,0.3739130434782609,5565,48.391304347826086
849,115,0.09565217391304348,0.33043478260869563,4770,41.47826086956522
850,115,0.06086956521739131,0.3130434782608696,4560,39.65217391304348
851,115,0.09565217391304348,0.3391304347826087,5340,46.43478260869565
852,115,0.10434782608695652,0.391304347826087,5865,51.0
853,115,0.05217391304347826,0.2956521739130435,4395,38.21739130434783
854,115,0.11304347826086956,0.43478260869565216,6450,56.08695652173913
855,115,0.06956521739130435,0.34782608695652173,4605,40.04347826086956
856,115,0.0782608695652174,0.4260869565217391,6180,53.73913043478261
857,115,0.06086956521739131,0.33043478260869563,4590,39.91304347826087
858,115,0.06956521739130435,0.33043478260869563,4800,41.73913043478261
859,115,0.06086956521739131,0.3565217391304348,5145,44.73913043478261
860,115,0.10434782608695652,0.3652173913043478,5415,47.08695652173913
861,115,0.06956521739130435,0.40869565217391307,6090,52.95652173913044
862,115,0.0782608695652174,0.3739130434782609,5475,47.608695652173914
863,115,0.06086956521739131,0.3652173913043478,5205,45.26086956521739
864,115,0.06086956521739131,0.2956521739130435,4440,38.608695652173914
865,115,0.0782608695652174,0.3130434782608696,4695,40.82608695652174
866,115,0.11304347826086956,0.4,5895,51.26086956521739
867,115,0.06956521739130435,0.3217391304347826,4665,40.56521739130435
868,115,0.10434782608695652,0.3565217391304348,5610,48.78260869565217
869,115,0.11304347826086956,0.3391304347826087,5445,47.34782608695652
870,115,0.06956521739130435,0.3826086956521739,5640,49.04347826086956
871,115,0.12173913043478261,0.3217391304347826,5505,47.869565217391305
872,115,0.02608695652173913,0.3739130434782609,5145,44.73913043478261
873,115,0.06956521739130435,0.3565217391304348,5070,44.08695652173913
874,115,0.10434782608695652,0.43478260869565216,6435,55.95652173913044
875,115,0.05217391304347826,0.3826086956521739,5595,48.65217391304348
876,115,0.0782608695652174,0.3565217391304348,5805,50.47826086956522
877,115,0.08695652173913043,0.4,5805,50.47826086956522
878,115,0.08695652173913043,0.3217391304347826,4710,40.95652173913044
879,115,0.1391304347826087,0.3739130434782609,5835,50.73913043478261
880,115,0.06956521739130435,0.3391304347826087,4965,43.17391304347826
881,115,0.10434782608695652,0.4,5835,50.73913043478261
882,115,0.12173913043478261,0.391304347826087,6195,53.869565217391305
883,115,0.09565217391304348,0.391304347826087,5625,48.91304347826087
884,115,0.06956521739130435,0.4434782608695652,6585,57.26086956521739
885,115,0.043478260869565216,0.30434782608695654,4275,37.17391304347826
886,115,0.06956521739130435,0.3565217391304348,5115,44.47826086956522
887,115,0.06086956521739131,0.2956521739130435,4005,34.82608695652174
888,115,0.06086956521739131,0.3826086956521739,5685,49.43478260869565
889,115,0.08695652173913043,0.43478260869565216,6060,52.69565217391305
890,115,0.09565217391304348,0.3826086956521739,6120,53.21739130434783
891,115,0.1565217391304348,0.41739130434782606,6255,54.391304347826086
892,115,0.08695652173913043,0.391304347826087,5595,48.65217391304348
893,115,0.09565217391304348,0.4260869565217391,6315,54.91304347826087
894,115,0.08695652173913043,0.30434782608695654,4785,41.608695652173914
895,115,0.08695652173913043,0.30434782608695654,4620,40.17391304347826
896,115,0.043478260869565216,0.3130434782608696,4515,39.26086956521739
897,115,0.034782608695652174,0.40869565217391307,5475,47.608695652173914
898,115,0.08695652173913043,0.4434782608695652,6330,55.04347826086956
899,115,0.06956521739130435,0.3739130434782609,5400,46.95652173913044
900,115,0.12173913043478261,0.43478260869565216,6480,56.34782608695652
901,115,0.12173913043478261,0.45217391304347826,6855,59.608695652173914
902,115,0.11304347826086956,0.3826086956521739,5775,50.21739130434783
903,115,0.06086956521739131,0.3739130434782609,5325,46.30434782608695
904,115,0.06086956521739131,0.3739130434782609,5385,46.82608695652174
905,115,0.06086956521739131,0.30434782608695654,4365,37.95652173913044
906,115,0.10434782608695652,0.4260869565217391,6345,55.17391304347826
907,115,0.06956521739130435,0.391304347826087,5595,48.65217391304348
908,115,0.06086956521739131,0.41739130434782606,6015,52.30434782608695
909,115,0.0782608695652174,0.3565217391304348,4875,42.391304347826086
910,115,0.06956521739130435,0.41739130434782606,5775,50.21739130434783
911,115,0.09565217391304348,0.2956521739130435,4455,38.73913043478261
912,115,0.13043478260869565,0.43478260869565216,6420,55.82608695652174
913,115,0.09565217391304348,0.40869565217391307,6345,55.17391304347826
914,115,0.05217391304347826,0.3652173913043478,5445,47.34782608695652
915,115,0.10434782608695652,0.3739130434782609,5835,50.73913043478261
916,115,0.06086956521739131,0.33043478260869563,4710,40.95652173913044
917,115,0.06086956521739131,0.33043478260869563,4785,41.608695652173914
918,115,0.10434782608695652,0.5043478260869565,7335,63.78260869565217
919,115,0.06956521739130435,0.34782608695652173,5175,45.0
920,115,0.08695652173913043,0.3652173913043478,5505,47.869565217391305
921,115,0.06086956521739131,0.40869565217391307,5790,50.34782608695652
922,115,0.0782608695652174,0.3739130434782609,5265,45.78260869565217
923,115,0.06086956521739131,0.4260869565217391,6030,52.43478260869565
924,115,0.08695652173913043,0.3739130434782609,5280,45.91304347826087
925,115,0.08695652173913043,0.43478260869565216,6315,54.91304347826087
926,115,0.09565217391304348,0.3652173913043478,5595,48.65217391304348
927,115,0.10434782608695652,0.48695652173913045,7290,63.391304347826086
928,115,0.05217391304347826,0.391304347826087,5280,45.91304347826087
929,115,0.0782608695652174,0.3565217391304348,5220,45.391304347826086
930,115,0.06086956521739131,0.3565217391304348,5160,44.869565217391305
931,115,0.08695652173913043,0.3652173913043478,5505,47.869565217391305
932,115,0.06086956521739131,0.3826086956521739,5565,48.391304347826086
933,115,0.08695652173913043,0.3391304347826087,5310,46.17391304347826
934,115,0.043478260869565216,0.3130434782608696,4290,37.30434782608695
935,115,0.034782608695652174,0.3217391304347826,4335,37.69565217391305
936,115,0.06956521739130435,0.3652173913043478,5265,45.78260869565217
937,115,0.0782608695652174,0.3652173913043478,5370,46.69565217391305
938,115,0.034782608695652174,0.30434782608695654,4365,37.95652173913044
939,115,0.08695652173913043,0.3391304347826087,4920,42.78260869565217
940,115,0.09565217391304348,0.34782608695652173,4860,42.26086956521739
941,115,0.09565217391304348,0.3130434782608696,5220,45.391304347826086
942,115,0.05217391304347826,0.33043478260869563,4740,41.21739130434783
943,115,0.06956521739130435,0.3652173913043478,5370,46.69565217391305
944,115,0.0782608695652174,0.3391304347826087,5040,43.82608695652174
945,115,0.034782608695652174,0.3130434782608696,4410,38.34782608695652
946,115,0.09565217391304348,0.43478260869565216,6330,55.04347826086956
947,115,0.10434782608695652,0.3130434782608696,5115,44.47826086956522
948,115,0.05217391304347826,0.3652173913043478,5265,45.78260869565217
949,115,0.06956521739130435,0.3391304347826087,5025,43.69565217391305
950,115,0.02608695652173913,0.3391304347826087,4590,39.91304347826087
951,115,0.11304347826086956,0.3826086956521739,5715,49.69565217391305
952,115,0.0782608695652174,0.41739130434782606,6075,52.82608695652174
953,115,0.0782608695652174,0.3565217391304348,5340,46.43478260869565
954,115,0.043478260869565216,0.30434782608695654,4410,38.34782608695652
955,115,0.06956521739130435,0.34782608695652173,5250,45.65217391304348
956,115,0.06086956521739131,0.3826086956521739,5700,49.56521739130435
957,115,0.0782608695652174,0.4,5610,48.78260869565217
958,115,0.06086956521739131,0.391304347826087,5640,49.04347826086956
959,115,0.0782608695652174,0.3739130434782609,5145,44.73913043478261
960,115,0.06086956521739131,0.3652173913043478,5085,44.21739130434783
961,115,0.10434782608695652,0.391304347826087,6150,53.47826086956522
962,115,0.06956521739130435,0.40869565217391307,6150,53.47826086956522
963,115,0.043478260869565216,0.40869565217391307,5595,48.65217391304348
964,115,0.0782608695652174,0.4260869565217391,6210,54.0
965,115,0.11304347826086956,0.4,6060,52.69565217391305
966,115,0.09565217391304348,0.391304347826087,6000,52.17391304347826
967,115,0.06086956521739131,0.3130434782608696,4575,39.78260869565217
968,115,0.05217391304347826,0.3391304347826087,4785,41.608695652173914
969,115,0.06086956521739131,0.41739130434782606,5640,49.04347826086956
970,115,0.0782608695652174,0.3130434782608696,4725,41.08695652173913
971,115,0.034782608695652174,0.3130434782608696,4530,39.391304347826086
972,115,0.08695652173913043,0.3826086956521739,5535,48.130434782608695
973,115,0.06086956521739131,0.2956521739130435,4530,39.391304347826086
974,115,0.08695652173913043,0.3652173913043478,5085,44.21739130434783
975,115,0.06086956521739131,0.3130434782608696,4800,41.73913043478261
976,115,0.06086956521739131,0.28695652173913044,4215,36.65217391304348
977,115,0.08695652173913043,0.2782608695652174,4095,35.608695652173914
978,115,0.08695652173913043,0.3391304347826087,5040,43.82608695652174
979,115,0.0782608695652174,0.33043478260869563,4710,40.95652173913044
980,115,0.0782608695652174,0.34782608695652173,5520,48.0
981,115,0.06956521739130435,0.3652173913043478,5280,45.91304347826087
982,115,0.09565217391304348,0.43478260869565216,5985,52.04347826086956
983,115,0.034782608695652174,0.28695652173913044,3945,34.30434782608695
984,115,0.10434782608695652,0.40869565217391307,6225,54.130434782608695
985,115,0.06086956521739131,0.34782608695652173,5220,45.391304347826086
986,115,0.08695652173913043,0.3739130434782609,5310,46.17391304347826
987,115,0.06956521739130435,0.4,5895,51.26086956521739
988,115,0.10434782608695652,0.3739130434782609,5775,50.21739130434783
989,115,0.10434782608695652,0.43478260869565216,6615,57.52173913043478
990,115,0.09565217391304348,0.3652173913043478,5400,46.95652173913044
991,115,0.0782608695652174,0.3652173913043478,4980,43.30434782608695
992,115,0.043478260869565216,0.3652173913043478,5040,43.82608695652174
993,115,0.11304347826086956,0.4260869565217391,6585,57.26086956521739
994,115,0.11304347826086956,0.3652173913043478,5850,50.869565217391305
995,115,0.05217391304347826,0.4,5475,47.608695652173914
996,115,0.02608695652173913,0.3652173913043478,4920,42.78260869565217
997,115,0.10434782608695652,0.45217391304347826,6960,60.52173913043478
998,115,0.12173913043478261,0.3826086956521739,5715,49.69565217391305
999,115,0.09565217391304348,0.4,5730,49.82608695652174
1000,115,0.13043478260869565,0.391304347826087,6105,53.08695652173913
